age;job;marital;education;default;balance;housing;loan;contact;day;month;campaign;pdays;previous;poutcome
39;management;married;tertiary;no;246;no;no;cellular;11;aug;2;-1;0;unknown
46;blue-collar;married;unknown;no;9328;yes;no;cellular;5;may;3;-1;0;unknown
42;technician;married;secondary;no;473;yes;no;cellular;7;jul;5;-1;0;unknown
24;blue-collar;married;secondary;no;1222;yes;no;cellular;20;apr;1;-1;0;unknown
59;retired;married;secondary;no;0;no;no;cellular;18;jul;4;-1;0;unknown
35;management;single;tertiary;no;2486;yes;no;cellular;25;may;1;-1;0;unknown
32;technician;single;tertiary;no;569;no;yes;cellular;29;jan;1;-1;0;unknown
31;admin.;married;primary;no;355;yes;yes;unknown;4;jun;6;-1;0;unknown
34;management;single;tertiary;no;171;yes;no;cellular;7;may;1;294;1;failure
49;blue-collar;divorced;primary;no;15;yes;no;unknown;27;may;7;-1;0;unknown
51;technician;divorced;tertiary;no;0;no;no;cellular;28;aug;7;-1;0;unknown
41;student;married;secondary;no;1309;no;no;unknown;20;jun;4;-1;0;unknown
46;admin.;divorced;secondary;no;7378;no;no;cellular;18;nov;1;-1;0;unknown
35;blue-collar;married;primary;no;-12;yes;no;unknown;12;may;5;-1;0;unknown
47;services;single;secondary;no;33;yes;no;cellular;5;may;1;-1;0;unknown
36;management;married;tertiary;no;0;yes;no;cellular;28;jan;1;250;1;other
33;blue-collar;married;primary;no;324;yes;no;cellular;13;may;2;-1;0;unknown
39;services;married;secondary;no;0;yes;no;cellular;8;may;1;-1;0;unknown
59;retired;married;secondary;no;9976;yes;no;unknown;29;may;2;-1;0;unknown
32;blue-collar;married;secondary;no;34;yes;no;cellular;5;may;2;-1;0;unknown
32;blue-collar;single;secondary;no;2;no;no;unknown;9;may;2;-1;0;unknown
48;admin.;married;secondary;no;191;yes;no;cellular;5;feb;3;-1;0;unknown
53;admin.;married;secondary;no;1796;no;no;telephone;16;mar;1;91;2;success
31;management;married;tertiary;no;1343;yes;yes;unknown;21;may;1;-1;0;unknown
32;management;single;tertiary;no;12607;no;no;cellular;14;aug;5;84;1;failure
51;management;married;tertiary;no;-15;no;no;cellular;25;jul;2;-1;0;unknown
57;blue-collar;married;primary;no;5431;yes;yes;unknown;6;may;1;-1;0;unknown
58;management;married;primary;no;320;yes;no;unknown;30;may;2;-1;0;unknown
37;entrepreneur;married;tertiary;no;310;no;no;cellular;1;sep;1;-1;0;unknown
36;entrepreneur;single;secondary;no;475;no;no;cellular;25;jul;3;-1;0;unknown
